Year,Port,Millions of Pounds,State
2017,Dutch Harbor,768.7,AK
2017,Aleutian Islands (Other),552.3,AK
2017,Kodiak,530.4,AK
2017,Reedville,319.9,VA
2017,Pascagoula-Moss Point,301.3,MS
2017,Empire-Venice,294.1,LA
2017,Alaska Penninsula (Other),267.9,AK
2017,Intracoastal City,198.1,LA
2017,Naknek,186.5,AK
2017,Astoria,151.2,OR
2017,Westport,150.4,WA
2017,Newport,111.5,OR
2017,New Bedford,110.8,MA
2017,Cape May-Wildwood,101.6,NJ
2017,Cordova,99.2,AK
2017,Sitka,91.3,AK
2017,Port Hueneme-Oxnard-Ventura,90.6,CA
2017,Ketchikan,77.0,AK
2017,Petersburg,64.8,AK
2017,Gloucester,63.9,MA
2017,Seward,50.5,AK
2017,Portland,49.2,ME
2017,Point Judith,44.3,RI
2017,Los Angeles,43.2,CA
2017,Bristol Bay (Other),42.5,AK
2017,Point Pleasant,37.5,NJ
2017,Dulac-Chauvin,37.3,LA
2017,Honolulu,34.0,HI
2017,Kenai,31.9,AK
2017,Bayou La Batre,28.2,AL
2017,North Kingstown,27.0,RI
2017,Atlantic City,24.7,NJ
2017,Rockland,23.3,ME
2017,Brownsville-Port Isabel,23.0,TX
2017,Provincetown-Chatham,22.3,MA
2017,Palacios,20.2,TX
2017,Coos Bay-Charleston,19.3,OR
2017,Galveston,18.8,TX
2017,Grand Isle,18.4,LA
2017,Juneau,18.2,AK
2017,Stonington,17.9,ME
2017,Port Arthur,17.1,TX
2017,Egegik,16.2,AK
2017,Boston,15.8,MA
2017,Wanchese-Stumpy Point,15.7,NC
2017,Ilwaco-Chinook,15.6,WA
2017,Hampton Roads Area,15.5,VA
2017,Golden Meadow-Leeville,15.0,LA
2017,Key West,14.6,FL
2017,Beaufort-Morehead City,14.2,NC
2017,Tampa Bay-St. Petersburg,13.9,FL
2017,Monterey,13.6,CA
2017,Delacroix-Yscloskey,12.4,LA
2017,Moss Landing,10.3,CA
2017,Montauk,10.1,NY
2017,Jonesport,10.0,ME
2017,Fort Myers,10.0,FL
2017,Gulfport-Biloxi,9.9,MS
2017,Eureka,9.3,CA
2017,Princeton-Half Moon Bay,8.9,CA
2017,Engelhard-Swanquarter,8.9,NC
2017,Bellingham,8.9,WA
2017,Vinalhaven,8.8,ME
2017,Brookings,8.8,OR
2017,Long Beach-Barnegat,7.6,NJ
2017,Newport,7.3,RI
2017,St. Augustine,7.0,FL
2017,Upper Southeast (Other),6.9,AK
2017,Slidell-Covington,6.9,LA
2017,Beals Island,6.9,ME
2017,Morgan City-Berwick,6.8,LA
2017,Cape Canaveral,6.6,FL
2017,Mayport,6.4,FL
2017,Seattle,6.3,WA
2017,Accomac,5.9,VA
2017,Shelton,5.6,WA
2017,New London,5.6,CT
2017,Anacortes-La Conner,5.5,WA
2017,San Francisco Area,5.3,CA
2017,Fort Bragg,5.3,CA
2017,Darien-Bellville,5.1,GA
2017,Crescent City,5.1,CA
2017,Belford,5.1,NJ
2017,Wrangell,5.0,AK
2017,Pembroke,4.8,ME
2017,Portsmouth,4.6,NH
2017,Neah Bay,4.6,WA
2017,Iberia,4.5,LA
2017,Ocean City,4.4,MD
2017,Friendship,4.4,ME
2017,Oriental-Vandemere,4.1,NC
2017,Norton/Kotzebue Sound,4.1,AK
2017,Newington,4.1,NH
2017,Morro Bay,4.1,CA
2017,Homer,4.0,AK
2017,Santa Barbara,3.9,CA
2017,Hampton Bay-Shinnicock,3.8,NY
2017,Anchorage,3.8,AK
2017,Spruce Head,3.7,ME
2017,Yakutat,3.5,AK
2017,Panama City,3.5,FL
2017,Bodega Bay,3.5,CA
2017,Willapa Bay,3.4,WA
2017,Columbia,3.4,NC
2017,Fairhaven,3.2,MA
2017,Bon Secour-Gulf Shores,3.2,AL
2017,Owls Head,2.7,ME
2017,Milbridge,2.7,ME
2017,Bass Harbor,2.7,ME
2017,Sneads Ferry-Swansboro,2.6,NC
2017,Port Clyde,2.6,ME
2017,Ft. Pierce-St.Lucie,2.6,FL
2017,Swans Island,2.5,ME
2017,Belhaven-Washington,2.5,NC
2017,Apalachicola,2.4,FL
2017,Olympia,2.3,WA
2017,Fernandina Beach,2.3,FL
2017,Savannah,2.1,GA
2017,Everett,2.1,WA
2017,Southwest Harbor,2.0,ME
2017,San Diego,2.0,CA
2017,Chincoteague,1.9,VA
2017,Blaine,1.9,WA
2017,Tacoma,1.8,WA
2017,Stonington,1.8,CT
2017,Everglades City,1.4,FL
2017,Brunswick,1.0,GA
2017,La Push,0.9,WA
2017,Interior (Other),0.9,AK
2017,Elizabeth City,0.9,NC
2017,Cape Charles-Oyster,0.3,VA
2017,Greenport,0.2,NY
2016,Lafitte-Barataria,770.0,AK
2016,Port St. Joe,508.0,AK
2016,Cortez,440.0,LA
2016,Cameron,417.0,AK
2016,Port Lavaca,321.3,VA
2016,Naples,285.0,MS
2016,Aransas Pass-Rockport,243.0,AK
2016,Barnegat Light,215.0,LA
2016,Port Angeles,170.0,AK
2016,Port Townsend,108.3,WA
2016,Port Orford,106.6,MA
2016,Freeport,93.6,OR
2016,Tillamook,77.3,OR
2016,Haines,65.0,AK
2016,Valdez,63.4,MA
2016,Yukon Delta (Other),56.0,AK
2016,Craig,54.0,AK
2016,Houston,53.4,RI
2016,Charleston-Mt. Pleasant,49.8,ME
2016,Bay Center-South Bend,46.6,NJ
2016,Beaufort,41.0,AK
2016,Georgetown,38.0,CA
2016,Akutan,36.5,CA
2016,Dillingham-Togiak,35.0,AK
2016,Delcambre,33.6,ME
2016,Avila Beach,32.3,HI
2016,Orleans,32.0,LA
2016,Seabrook,27.0,AK
2016,Assumption,26.5,MA
2016,St. Martin,26.3,NJ
2016,Poulsbo,24.3,NJ
2016,Garibaldi,23.2,ME
2016,Bethel-Aniak,22.0,AK
2016,Pilot Point-Ugashik,22.0,AL
2016,St. Michael,21.3,OR
2016,St. Paul,21.0,LA
2016,Bremerton,18.0,TX
2016,Pelican,17.6,RI
2016,Excursion Inlet,17.0,LA
2016,Port Moller,16.1,NC
2016,Thunderbolt,16.0,FL
2016,,16.0,AK
2016,,15.0,TX
2016,,15.0,TX
2016,,15.0,TX
2016,,14.0,LA
2016,,13.4,CA
2016,,13.3,WA
2016,,12.9,CA
2016,,12.7,CA
2016,,12.3,VA
2016,,12.2,MA
2016,,11.8,NY
2016,,11.0,OR
2016,,10.5,ME
2016,,10.4,CA
2016,,10.4,ME
2016,,10.0,FL
2016,,9.5,CA
2016,,9.4,WA
2016,,9.0,CT
2016,,8.9,CA
2016,,8.0,LA
2016,,8.0,MS
2016,,8.0,FL
2016,,8.0,NC
2016,,7.9,NC
2016,,7.6,VA
2016,,7.3,WA
2016,,7.2,NJ
2016,,7.0,LA
2016,,7.0,AK
2016,,7.0,ME
2016,,7.0,AK
2016,,6.6,RI
2016,,6.0,FL
2016,,6.0,FL
2016,,5.2,CA
2016,,5.2,NY
2016,,5.1,WA
2016,,5.0,AK
2016,,5.0,AK
2016,,5.0,AK
2016,,5.0,FL
2016,,5.0,LA
2016,,4.7,ME
2016,,4.7,NC
2016,,4.7,WA
2016,,4.6,ME
2016,,4.6,WA
2016,,4.5,CA
2016,,4.4,NC
2016,,4.3,CA
2016,,4.3,CA
2016,,4.0,FL
2016,,4.0,MD
2016,,4.0,LA
2016,,3.9,NH
2016,,3.9,MA
2016,,3.8,WA
2016,,3.5,ME
2016,,3.4,WA
2016,,3.4,NC
2016,,3.3,ME
2016,,3.1,ME
2016,,3.0,TX
2016,,3.0,AK
2016,,3.0,FL
2016,,3.0,AL
2016,,3.0,FL
2016,,2.9,GA
2016,,2.7,ME
2016,,2.6,NC
2016,,2.5,ME
2016,,2.5,NJ
2016,,2.4,VA
2016,,2.2,CA
2016,,2.1,CT
2016,,2.0,NH
2016,,2.0,ME
2016,,2.0,FL
2016,,2.0,FL
2016,,2.0,FL
2016,,1.8,GA
2016,,1.8,WA
2016,,1.7,WA
2016,,1.6,WA
2016,,1.6,NC
2016,,1.0,TX
2016,,0.7,GA
2016,,0.4,WA
2015,,787.4,AK
2015,,513.9,AK
2015,,467.4,AK
2015,,427.5,LA
2015,,379.2,LA
2015,,350.0,VA
2015,,294.8,MS
2015,,268.0,AK
2015,,175.5,AK
2015,,162.0,AK
2015,,123.8,MA
2015,,94.4,AK
2015,,91.5,OR
2015,,87.4,AK
2015,,84.3,AK
2015,,83.5,WA
2015,,77.2,NJ
2015,,69.6,AK
2015,,69.6,AK
2015,,67.7,MA
2015,,65.0,OR
2015,,62.4,ME
2015,,49.6,AK
2015,,46.2,RI
2015,,45.1,CA
2015,,43.5,CA
2015,,32.3,HI
2015,,31.0,ME
2015,,30.5,LA
2015,,28.4,CA
2015,,25.9,LA
2015,,25.9,NJ
2015,,24.7,TX
2015,,24.4,NJ
2015,,21.2,MA
2015,,20.6,OR
2015,,20.2,AL
2015,,19.1,ME
2015,,18.2,NC
2015,,17.3,FL
2015,,16.7,AK
2015,,16.4,TX
2015,,16.1,RI
2015,,16.0,LA
2015,,15.4,TX
2015,,14.7,CA
2015,,14.6,WA
2015,,14.0,MA
2015,,13.6,FL
2015,,13.6,TX
2015,,13.5,LA
2015,,13.3,WA
2015,,11.6,NY
2015,,11.5,VA
2015,,10.7,CA
2015,,10.4,AK
2015,,9.8,OR
2015,,9.7,ME
2015,,9.6,WA
2015,,9.3,MS
2015,,8.6,NC
2015,,8.4,CA
2015,,8.3,RI
2015,,8.3,VA
2015,,7.3,FL
2015,,7.0,CA
2015,,6.7,AK
2015,,6.6,NC
2015,,6.5,CA
2015,,6.5,NC
2015,,6.4,WA
2015,,6.4,LA
2015,,6.3,NJ
2015,,6.2,CA
2015,,6.1,CT
2015,,6.0,ME
2015,,5.9,LA
2015,,5.9,NH
2015,,5.9,WA
2015,,5.8,ME
2015,,5.8,MA
2015,,5.7,FL
2015,,5.6,WA
2015,,5.4,FL
2015,,5.2,AK
2015,,5.2,AK
2015,,5.2,CA
2015,,5.2,ME
2015,,4.9,NJ
2015,,4.7,NC
2015,,4.4,AK
2015,,4.4,ME
2015,,4.4,LA
2015,,4.1,MD
2015,,4.1,NY
2015,,4.0,NC
2015,,4.0,FL
2015,,3.6,FL
2015,,3.6,CA
2015,,3.2,NH
2015,,3.2,AL
2015,,3.1,GA
2015,,3.1,FL
2015,,2.9,WA
2015,,2.9,ME
2015,,2.8,ME
2015,,2.7,ME
2015,,2.7,VA
2015,,2.5,ME
2015,,2.5,WA
2015,,2.5,ME
2015,,2.3,ME
2015,,2.3,WA
2015,,2.2,FL
2015,,2.1,CA
2015,,2.1,CA
2015,,1.9,WA
2015,,1.9,NC
2015,,1.9,NC
2015,,1.7,CT
2015,,1.7,FL
2015,,1.6,GA
2015,,1.6,WA
2015,,1.5,GA
2015,,0.6,WA
2015,,0.2,NY
2015,,0.0,VA
2015,,0.0,NJ
2014,,761.8,AK
2014,,477.1,AK
2014,,470.9,AK
2014,,326.9,LA
2014,,323.9,VA
2014,,300.2,LA
2014,,184.4,MS
2014,,169.7,AK
2014,,140.0,MA
2014,,133.0,AK
2014,,124.0,OR
2014,,122.3,OR
2014,,100.0,WA
2014,,88.5,AK
2014,,86.5,AK
2014,,85.0,AK
2014,,74.7,CA
2014,,67.7,CA
2014,,64.7,AK
2014,,62.2,CA
2014,,61.4,MA
2014,,59.0,AK
2014,,57.3,RI
2014,,56.5,ME
2014,,55.2,CA
2014,,52.4,AK
2014,,49.9,NJ
2014,,40.6,ME
2014,,33.7,LA
2014,,29.9,NJ
2014,,29.4,OR
2014,,29.0,HI
2014,,27.9,AK
2014,,27.7,LA
2014,,27.0,WA
2014,,25.4,ME
2014,,24.2,NJ
2014,,22.3,NC
2014,,21.3,RI
2014,,20.8,AL
2014,,20.5,CA
2014,,20.0,MA
2014,,19.5,CA
2014,,18.5,AK
2014,,16.5,LA
2014,,16.4,MA
2014,,15.0,CA
2014,,14.7,VA
2014,,14.5,LA
2014,,14.0,TX
2014,,14.0,WA
2014,,13.4,FL
2014,,12.5,FL
2014,,12.1,TX
2014,,11.8,NY
2014,,11.3,AK
2014,,10.5,ME
2014,,10.4,WA
2014,,10.1,MS
2014,,9.4,TX
2014,,9.3,CA
2014,,9.1,ME
2014,,8.3,OR
2014,,8.2,LA
2014,,8.0,VA
2014,,7.7,CA
2014,,7.5,FL
2014,,7.3,AK
2014,,7.3,GA
2014,,7.3,NC
2014,,7.1,NJ
2014,,7.1,ME
2014,,7.0,TX
2014,,7.0,NJ
2014,,6.9,WA
2014,,6.9,CA
2014,,6.8,ME
2014,,6.6,CA
2014,,6.6,FL
2014,,6.6,LA
2014,,6.5,LA
2014,,6.4,RI
2014,,6.4,MA
2014,,6.0,WA
2014,,5.8,AK
2014,,5.7,ME
2014,,5.4,MD
2014,,5.2,AK
2014,,5.2,NC
2014,,5.0,FL
2014,,4.9,AK
2014,,4.7,NY
2014,,4.5,WA
2014,,4.3,CT
2014,,4.2,ME
2014,,4.2,CA
2014,,3.9,NH
2014,,3.6,VA
2014,,3.4,WA
2014,,3.4,AL
2014,,3.3,FL
2014,,3.3,NC
2014,,3.0,FL
2014,,2.9,FL
2014,,2.8,WA
2014,,2.7,AK
2014,,2.5,NC
2014,,2.5,WA
2014,,2.0,NC
2014,,1.9,WA
2014,,1.9,CT
2014,,1.9,WA
2014,,1.8,WA
2014,,1.7,NC
2014,,1.7,GA
2014,,1.7,CA
2014,,1.5,WA
2014,,1.5,FL
2014,,1.5,TX
2014,,1.4,OR
2014,,1.3,TX
2014,,1.2,OR
2014,,1.1,WA
2014,,1.1,GA
2014,,0.3,AK
2014,,0.2,NY
2014,,0.1,VA
2014,,0.0,NJ
2013,,752.5,AK
2013,,469.5,AK
2013,,425.6,AK
2013,,421.9,LA
2013,,317.7,VA
2013,,248.9,LA
2013,,194.7,LA
2013,,187.2,AK
2013,,171.1,MS
2013,,158.7,OR
2013,,147.4,AK
2013,,143.5,AK
2013,,139.6,WA
2013,,129.8,MA
2013,,126.8,OR
2013,,126.2,AK
2013,,122.6,AK
2013,,113.1,CA
2013,,104.7,CA
2013,,84.3,AK
2013,,78.3,AK
2013,,62.4,MA
2013,,62.1,ME
2013,,60.9,AK
2013,,54.6,RI
2013,,41.2,AK
2013,,37.3,WA
2013,,37.1,LA
2013,,35.6,AK
2013,,34.6,ME
2013,,32.8,OR
2013,,29.0,HI
2013,,27.3,NJ
2013,,23.5,WA
2013,,23.0,CA
2013,,22.6,TX
2013,,22.5,CA
2013,,21.7,RI
2013,,20.7,TX
2013,,20.4,AK
2013,,20.4,NJ
2013,,20.2,MA
2013,,19.9,ME
2013,,18.5,CA
2013,,18.2,CA
2013,,16.5,VA
2013,,16.2,LA
2013,,16.1,NC
2013,,15.4,NJ
2013,,15.4,CA
2013,,15.3,AL
2013,,14.9,TX
2013,,14.2,ME
2013,,14.1,AK
2013,,13.8,MA
2013,,13.3,ME
2013,,13.1,WA
2013,,13.1,NY
2013,,13.1,OR
2013,,12.4,WA
2013,,11.8,AK
2013,,11.7,AK
2013,,11.4,CA
2013,,10.9,TX
2013,,10.8,LA
2013,,10.3,AK
2013,,9.4,MS
2013,,8.7,LA
2013,,8.7,VA
2013,,8.6,NJ
2013,,8.6,CA
2013,,8.1,RI
2013,,7.7,LA
2013,,7.5,FL
2013,,7.2,MA
2013,,7.1,FL
2013,,7.0,WA
2013,,6.7,CA
2013,,6.4,CA
2013,,6.4,NC
2013,,6.2,AK
2013,,6.2,GA
2013,,6.2,ME
2013,,6.1,NY
2013,,5.8,AK
2013,,5.0,WA
2013,,4.9,CT
2013,,4.9,AK
2013,,4.8,ME
2013,,4.8,VA
2013,,4.6,MD
2013,,4.3,AK
2013,,4.2,ME
2013,,4.1,NH
2013,,4.1,NC
2013,,3.9,ME
2013,,3.7,CA
2013,,3.6,FL
2013,,3.4,WA
2013,,2.9,AK
2013,,2.8,FL
2013,,2.8,WA
2013,,2.8,AL
2013,,2.7,CT
2013,,2.7,TX
2013,,2.6,FL
2013,,2.5,TX
2013,,2.4,WA
2013,,2.3,WA
2013,,2.3,OR
2013,,2.2,NC
2013,,2.2,FL
2013,,2.1,NJ
2013,,1.9,NC
2013,,1.8,OR
2013,,1.8,NC
2013,,1.7,NC
2013,,1.6,GA
2013,,1.4,WA
2013,,1.2,FL
2013,,1.2,WA
2013,,1.0,GA
2013,,0.9,FL
2013,,0.7,WA
2013,,0.3,TX
2013,,0.3,AK
2013,,0.2,NY
2013,,0.2,VA
2012,,751.5,AK
2012,,500.4,LA
2012,,455.6,AK
2012,,393.0,AK
2012,,389.0,VA
2012,,344.7,LA
2012,,249.9,MS
2012,,228.2,LA
2012,,191.0,AK
2012,,169.5,OR
2012,,161.9,CA
2012,,143.0,MA
2012,,133.4,WA
2012,,86.5,AK
2012,,83.8,AK
2012,,82.6,MA
2012,,80.2,OR
2012,,74.1,AK
2012,,69.3,CA
2012,,67.1,AK
2012,,59.0,ME
2012,,55.3,AK
2012,,54.0,AK
2012,,52.0,AK
2012,,46.4,RI
2012,,42.6,LA
2012,,35.2,ME
2012,,32.4,OR
2012,,29.4,CA
2012,,29.4,WA
2012,,28.4,AK
2012,,27.8,NJ
2012,,27.5,NJ
2012,,27.1,HI
2012,,26.6,TX
2012,,23.0,RI
2012,,23.0,TX
2012,,21.8,ME
2012,,20.8,AL
2012,,20.4,TX
2012,,20.0,CA
2012,,19.7,LA
2012,,19.1,NJ
2012,,18.4,ME
2012,,18.2,AK
2012,,17.1,LA
2012,,16.8,MA
2012,,16.7,NC
2012,,14.8,NY
2012,,13.9,MA
2012,,13.8,MS
2012,,13.5,VA
2012,,13.4,ME
2012,,13.0,CA
2012,,12.8,LA
2012,,12.8,CA
2012,,12.3,AK
2012,,11.8,FL
2012,,10.8,WA
2012,,10.4,WA
2012,,9.7,AK
2012,,9.7,VA
2012,,9.3,AK
2012,,9.1,FL
2012,,8.9,TX
2012,,8.7,AK
2012,,8.7,OR
2012,,8.1,CA
2012,,8.1,CA
2012,,7.9,NY
2012,,7.7,NJ
2012,,7.5,MA
2012,,7.4,LA
2012,,7.3,RI
2012,,7.2,FL
2012,,6.9,CA
2012,,6.9,NC
2012,,6.8,LA
2012,,6.7,CA
2012,,6.5,FL
2012,,6.5,NC
2012,,6.2,ME
2012,,6.0,MD
2012,,5.8,ME
2012,,5.6,WA
2012,,5.3,WA
2012,,5.2,CA
2012,,5.0,AK
2012,,5.0,CT
2012,,5.0,ME
2012,,5.0,FL
2012,,4.8,FL
2012,,4.8,GA
2012,,4.8,VA
2012,,4.7,NH
2012,,4.3,FL
2012,,4.0,ME
2012,,3.9,AL
2012,,3.8,FL
2012,,3.6,AK
2012,,3.6,CA
2012,,3.3,NC
2012,,0.6,AK
2012,,0.4,AK
2011,,705.7,AK
2011,,531.5,LA
2011,,431.3,AK
2011,,413.9,VA
2011,,371.7,AK
2011,,327.0,LA
2011,,266.7,MS
2011,,226.7,LA
2011,,211.3,AK
2011,,157.2,CA
2011,,143.8,OR
2011,,127.9,CA
2011,,116.7,MA
2011,,116.3,WA
2011,,113.2,AK
2011,,101.1,AK
2011,,100.0,AK
2011,,99.2,AK
2011,,79.0,OR
2011,,77.0,MA
2011,,67.5,AK
2011,,61.1,ME
2011,,50.0,AK
2011,,49.4,AK
2011,,43.3,LA
2011,,40.8,RI
2011,,39.5,NJ
2011,,38.6,OR
2011,,38.2,ME
2011,,35.7,ME
2011,,33.6,CA
2011,,31.2,AK
2011,,25.0,CA
2011,,24.8,TX
2011,,24.6,NC
2011,,22.8,HI
2011,,22.7,NJ
2011,,21.6,AL
2011,,21.5,LA
2011,,21.3,TX
2011,,21.0,RI
2011,,20.6,WA
2011,,19.4,ME
2011,,18.9,WA
2011,,18.7,TX
2011,,18.3,VA
2011,,18.0,AK
2011,,17.9,MA
2011,,17.2,LA
2011,,15.3,NJ
2011,,14.9,TX
2011,,13.9,AK
2011,,13.7,FL
2011,,13.3,MA
2011,,13.0,NY
2011,,12.4,CA
2011,,10.7,MS
2011,,9.9,VA
2011,,9.5,CA
2011,,9.2,AK
2011,,9.0,MD
2011,,9.0,NC
2011,,9.0,LA
2011,,8.9,NJ
2011,,8.6,AK
2011,,8.2,FL
2011,,8.1,FL
2011,,8.0,ME
2011,,8.0,WA
2011,,7.9,FL
2011,,7.8,FL
2011,,7.6,AK
2011,,7.5,CA
2011,,7.3,FL
2011,,7.3,CA
2011,,7.2,GA
2011,,7.1,LA
2011,,7.0,WA
2011,,6.8,WA
2011,,6.6,LA
2011,,6.5,SC
2011,,6.3,CA
2011,,6.3,NY
2011,,6.1,AK
2011,,5.8,CA
2011,,5.6,RI
2011,,5.5,OR
2011,,5.1,WA
2011,,5.0,NC
2011,,4.9,WA
2011,,4.7,AK
2011,,4.6,FL
2011,,4.5,AL
2011,,4.3,AK
2011,,4.0,ME
2011,,3.8,TX
2011,,3.7,FL
2011,,3.6,WA
2011,,3.5,NC
2011,,3.4,FL
2011,,3.4,VA
2011,,3.4,SC
2011,,3.1,CT
2011,,2.9,CT
2011,,2.7,SC
2011,,2.4,OR
2011,,2.2,WA
2011,,2.0,FL
2011,,1.8,WA
2011,,1.8,WA
2011,,1.4,WA
2011,,1.3,OR
2011,,0.9,AK
2010,,515.2,AK
2010,,426.1,VA
2010,,353.5,LA
2010,,334.6,LA
2010,,325.3,AK
2010,,302.3,AK
2010,,204.7,LA
2010,,186.8,CA
2010,,147.7,AK
2010,,133.4,MA
2010,,131.4,CA
2010,,124.1,AK
2010,,105.2,MS
2010,,100.9,OR
2010,,100.8,WA
2010,,88.8,MA
2010,,75.7,AK
2010,,75.4,AK
2010,,74.6,AK
2010,,57.0,OR
2010,,49.9,AK
2010,,43.1,NJ
2010,,38.4,CA
2010,,38.2,ME
2010,,35.6,RI
2010,,32.8,LA
2010,,31.0,OR
2010,,25.6,NC
2010,,24.2,NJ
2010,,23.6,WA
2010,,23.5,HI
2010,,22.7,TX
2010,,22.6,ME
2010,,21.2,AK
2010,,20.9,NJ
2010,,19.9,AK
2010,,19.6,TX
2010,,18.6,WA
2010,,17.1,CA
2010,,17.0,ME
2010,,16.7,MD
2010,,16.1,VA
2010,,16.0,AK
2010,,15.9,MA
2010,,14.9,LA
2010,,14.8,LA
2010,,13.9,TX
2010,,13.4,TX
2010,,13.3,FL
2010,,13.3,CA
2010,,12.9,NY
2010,,12.0,MA
2010,,11.3,AL
2010,,10.2,CA
2010,,9.2,NC
2010,,8.9,CA
2010,,8.5,NJ
2010,,7.7,WA
2010,,7.5,RI
2010,,7.2,FL
2010,,7.0,AK
2010,,6.8,AK
2010,,6.6,CA
2010,,6.4,OR
2010,,6.3,FL
2010,,6.0,CT
2010,,6.0,FL
2010,,6.0,MS
2010,,5.9,LA
2010,,5.8,WA
2010,,5.8,LA
2010,,5.8,WA
2010,,5.7,CA
2010,,5.5,FL
2010,,5.1,WA
2010,,4.5,SC
2010,,4.4,AK
2010,,4.4,NC
2010,,4.4,NY
2010,,4.2,FL
2010,,3.8,WA
2010,,3.8,FL
2010,,3.2,CT
2010,,3.1,AL
2010,,3.0,VA
2010,,2.8,WA
2010,,2.5,FL
2010,,2.1,FL
2010,,2.0,WA
2010,,1.6,WA
2010,,1.5,OR
2010,,1.4,OR
2010,,1.0,WA
2009,,506.3,AK
2009,,411.8,LA
2009,,349.4,VA
2009,,282.9,AK
2009,,244.7,LA
2009,,217.4,MS
2009,,178.8,LA
2009,,170.0,MA
2009,,141.3,CA
2009,,122.3,MA
2009,,119.4,AK
2009,,113.6,CA
2009,,104.4,OR
2009,,78.4,AK
2009,,75.9,AK
2009,,74.4,WA
2009,,63.9,NJ
2009,,55.4,AK
2009,,50.2,OR
2009,,46.2,CA
2009,,45.5,AK
2009,,42.4,LA
2009,,39.9,RI
2009,,37.3,ME
2009,,33.0,NJ
2009,,30.1,OR
2009,,29.3,AK
2009,,27.0,TX
2009,,25.9,LA
2009,,25.6,LA
2009,,25.5,NC
2009,,22.3,HI
2009,,22.0,TX
2009,,21.4,ME
2009,,21.0,AL
2009,,20.8,WA
2009,,20.2,AK
2009,,20.0,TX
2009,,18.4,NJ
2009,,18.4,WA
2009,,18.0,VA
2009,,16.7,AK
2009,,16.1,MA
2009,,16.0,TX
2009,,16.0,CA
2009,,14.8,ME
2009,,13.4,LA
2009,,12.9,CA
2009,,12.9,MS
2009,,12.4,WA
2009,,12.2,AK
2009,,12.1,CA
2009,,11.5,NY
2009,,11.5,FL
2009,,11.2,MA
2009,,8.6,MD
2009,,8.1,NJ
2009,,8.1,WA
2009,,7.6,RI
2009,,7.5,WA
2009,,7.0,NC
2009,,6.7,CA
2009,,6.4,FL
2009,,6.2,OR
2009,,6.1,CA
2009,,6.0,FL
2009,,6.0,FL
2009,,5.9,FL
2009,,5.8,CA
2009,,5.5,AK
2009,,5.5,AK
2009,,5.4,LA
2009,,5.0,NY
2009,,5.0,AL
2009,,4.9,WA
2009,,4.9,FL
2009,,4.7,FL
2009,,3.9,SC
2009,,3.8,FL
2009,,3.6,AK
2009,,3.6,NC
2009,,3.6,FL
2009,,3.3,WA
2009,,2.8,CT
2009,,2.6,OR
2009,,1.9,WA
2009,,1.8,WA
2009,,1.8,WA
2009,,1.7,CT
2009,,1.6,OR
2009,,0.8,WA
2008,,612.7,AK
2008,,354.2,VA
2008,,353.2,LA
2008,,254.6,LA
2008,,250.9,AK
2008,,190.2,MS
2008,,171.9,LA
2008,,146.4,MA
2008,,123.6,CA
2008,,120.2,MA
2008,,111.1,WA
2008,,105.2,AK
2008,,99.7,OR
2008,,95.7,AK
2008,,82.9,NJ
2008,,73.5,CA
2008,,57.8,OR
2008,,52.7,AK
2008,,46.3,CA
2008,,46.0,AK
2008,,37.6,RI
2008,,36.5,AK
2008,,35.6,LA
2008,,35.3,NJ
2008,,35.1,ME
2008,,34.7,AK
2008,,29.6,ME
2008,,27.0,OR
2008,,26.0,HI
2008,,24.5,MS
2008,,23.8,LA
2008,,23.4,NJ
2008,,22.6,NC
2008,,20.4,TX
2008,,19.3,VA
2008,,19.0,AL
2008,,18.4,AK
2008,,17.7,WA
2008,,17.4,ME
2008,,16.8,LA
2008,,15.3,MA
2008,,14.9,TX
2008,,14.8,AK
2008,,14.1,CA
2008,,13.6,TX
2008,,13.6,CA
2008,,13.6,WA
2008,,13.4,CA
2008,,13.1,TX
2008,,11.2,NY
2008,,10.7,MA
2008,,10.6,MD
2008,,10.4,AK
2008,,10.3,WA
2008,,10.3,FL
2008,,10.3,LA
2008,,9.4,NC
2008,,7.3,FL
2008,,7.2,NJ
2008,,6.7,RI
2008,,6.1,FL
2008,,6.0,LA
2008,,5.7,FL
2008,,5.6,CA
2008,,5.0,AK
2008,,5.0,NY
2008,,5.0,AL
2008,,4.8,WA
2008,,4.8,OR
2008,,4.7,FL
2008,,4.6,NC
2008,,4.6,WA
2008,,4.4,AK
2008,,4.3,WA
2008,,4.3,FL
2008,,4.1,VA
2008,,4.0,AK
2008,,3.8,GA
2008,,3.8,SC
2008,,3.7,FL
2008,,3.6,WA
2008,,2.5,NC
2008,,2.5,WA
2008,,2.2,CT
2008,,1.9,WA
2008,,1.8,OR
2008,,1.8,WA
2008,,1.5,OR
2008,,1.0,WA
2007,,777.1,AK
2007,,421.1,VA
2007,,323.1,LA
2007,,320.0,AK
2007,,299.7,LA
2007,,216.3,MS
2007,,211.1,LA
2007,,152.6,OR
2007,,150.0,MA
2007,,141.3,CA
2007,,120.0,WA
2007,,115.6,AK
2007,,108.8,AK
2007,,96.3,CA
2007,,94.5,CA
2007,,94.5,MA
2007,,83.5,AK
2007,,75.4,AK
2007,,71.8,AK
2007,,68.4,NJ
2007,,64.7,OR
2007,,55.5,AK
2007,,40.7,NJ
2007,,37.6,RI
2007,,34.2,ME
2007,,33.4,ME
2007,,25.5,OR
2007,,24.2,HI
2007,,23.5,LA
2007,,23.4,NJ
2007,,23.2,TX
2007,,23.0,AL
2007,,22.4,NC
2007,,22.2,WA
2007,,21.1,VA
2007,,19.8,LA
2007,,19.5,AK
2007,,19.2,TX
2007,,17.4,TX
2007,,16.6,CA
2007,,15.8,AK
2007,,14.6,WA
2007,,14.3,MA
2007,,13.7,ME
2007,,13.7,LA
2007,,13.7,LA
2007,,13.5,WA
2007,,12.6,TX
2007,,11.7,MS
2007,,11.0,AK
2007,,10.8,NY
2007,,10.6,MA
2007,,10.2,AK
2007,,10.1,MD
2007,,10.1,FL
2007,,8.7,RI
2007,,8.5,CA
2007,,7.9,NJ
2007,,6.4,NC
2007,,6.3,FL
2007,,6.2,AK
2007,,6.2,FL
2007,,6.2,WA
2007,,6.2,FL
2007,,6.1,FL
2007,,6.0,AL
2007,,5.8,NY
2007,,5.0,WA
2007,,4.8,NC
2007,,4.7,WA
2007,,4.3,FL
2007,,4.2,OR
2007,,3.9,VA
2007,,3.9,SC
2007,,3.5,WA
2007,,3.1,FL
2007,,3.0,AK
2007,,2.9,CT
2007,,2.6,OR
2007,,2.5,WA
2007,,2.4,WA
2007,,2.4,NC
2007,,2.0,WA
2007,,1.8,WA
2007,,1.7,OR
2007,,1.0,WA
2006,,911.3,AK
2006,,400.7,LA
2006,,372.5,VA
2006,,332.8,AK
2006,,285.7,LA
2006,,212.1,MS
2006,,168.3,MA
2006,,164.5,CA
2006,,164.2,OR
2006,,141.3,WA
2006,,117.4,MA
2006,,105.7,AK
2006,,93.6,OR
2006,,66.3,NJ
2006,,59.3,CA
2006,,58.2,ME
2006,,58.2,AK
2006,,50.3,AK
2006,,46.9,AK
2006,,46.0,RI
2006,,45.8,AK
2006,,43.7,CA
2006,,40.8,WA
2006,,36.8,AK
2006,,36.8,NJ
2006,,36.2,ME
2006,,30.8,LA
2006,,30.5,TX
2006,,29.0,OR
2006,,28.0,AL
2006,,26.5,NC
2006,,25.8,NJ
2006,,25.7,LA
2006,,25.0,TX
2006,,23.4,ME
2006,,22.3,TX
2006,,22.0,TX
2006,,20.9,HI
2006,,19.0,AK
2006,,18.7,CA
2006,,18.1,WA
2006,,17.9,LA
2006,,17.8,CA
2006,,15.6,AK
2006,,14.4,WA
2006,,14.3,MA
2006,,13.2,FL
2006,,13.0,VA
2006,,11.9,FL
2006,,11.7,AK
2006,,10.9,NY
2006,,10.3,MD
2006,,10.3,RI
2006,,10.2,LA
2006,,9.9,FL
2006,,9.6,MS
2006,,8.1,LA
2006,,7.8,NJ
2006,,7.6,AK
2006,,7.4,MA
2006,,6.9,WA
2006,,6.9,CA
2006,,6.8,WA
2006,,6.7,FL
2006,,6.6,NC
2006,,6.4,FL
2006,,6.1,AK
2006,,6.1,NY
2006,,6.0,AL
2006,,5.9,TX
2006,,5.9,OR
2006,,5.7,FL
2006,,5.6,WA
2006,,5.1,CA
2006,,4.9,CA
2006,,4.7,FL
2006,,4.6,WA
2006,,4.3,NC
2006,,4.2,WA
2006,,4.1,VA
2006,,3.1,OR
2006,,3.0,CT
2006,,3.0,FL
2006,,2.7,SC
2006,,2.6,NC
2006,,2.4,WA
2006,,2.4,CA
2006,,2.3,WA
2006,,1.9,WA
2006,,1.9,OR
2006,,1.9,AK
2006,,1.7,WA
2005,,887.6,AK
2005,,464.0,LA
2005,,373.4,VA
2005,,337.2,AK
2005,,170.8,LA
2005,,164.7,OR
2005,,159.1,MS
2005,,153.4,MA
2005,,139.7,CA
2005,,124.2,MA
2005,,122.8,WA
2005,,111.2,AK
2005,,110.0,OR
2005,,105.3,AK
2005,,102.5,AK
2005,,94.9,AK
2005,,74.6,NJ
2005,,62.3,CA
2005,,60.5,AK
2005,,56.8,ME
2005,,42.6,LA
2005,,41.8,RI
2005,,38.1,AK
2005,,37.8,CA
2005,,34.6,ME
2005,,31.8,NJ
2005,,30.1,WA
2005,,27.2,NC
2005,,25.7,OR
2005,,24.8,NJ
2005,,24.2,LA
2005,,23.5,VA
2005,,23.2,LA
2005,,22.2,HI
2005,,20.1,TX
2005,,18.5,AK
2005,,17.9,AK
2005,,17.8,TX
2005,,17.7,LA
2005,,17.3,AL
2005,,17.0,WA
2005,,15.9,AK
2005,,15.5,ME
2005,,15.1,TX
2005,,14.9,CA
2005,,14.5,TX
2005,,14.0,FL
2005,,12.7,MA
2005,,12.4,NY
2005,,10.6,LA
2005,,10.4,WA
2005,,10.0,FL
2005,,9.4,MA
2005,,9.4,WA
2005,,8.6,FL
2005,,8.5,MS
2005,,8.0,MD
2005,,7.9,CA
2005,,7.7,LA
2005,,7.6,NJ
2005,,7.3,RI
2005,,7.0,CA
2005,,6.8,WA
2005,,6.8,NC
2005,,6.7,SC
2005,,6.2,FL
2005,,6.1,CA
2005,,5.8,WA
2005,,5.5,NY
2005,,5.1,CA
2005,,5.1,NC
2005,,5.1,AL
2005,,4.9,FL
2005,,4.8,WA
2005,,4.7,FL
2005,,4.7,VA
2005,,4.7,FL
2005,,4.5,WA
2005,,4.4,AK
2005,,3.9,AK
2005,,3.9,GA
2005,,3.6,OR
2005,,3.4,OR
2005,,2.8,FL
2005,,2.7,WA
2005,,2.3,WA
2005,,2.2,WA
2005,,2.0,WA
2005,,1.9,CA
2005,,1.8,OR
2005,,1.7,CA
2005,,1.1,AK
2005,,1.0,WA
2005,,1.0,WA
2004,,886.8,AK
2004,,400.5,VA
2004,,379.0,LA
2004,,317.4,AK
2004,,301.8,LA
2004,,243.1,LA
2004,,175.4,MA
2004,,162.8,MS
2004,,135.8,OR
2004,,114.1,MA
2004,,111.2,OR
2004,,102.6,AK
2004,,98.1,NJ
2004,,96.7,AK
2004,,92.6,AK
2004,,92.1,CA
2004,,91.2,WA
2004,,70.1,CA
2004,,62.4,ME
2004,,55.5,CA
2004,,50.0,RI
2004,,40.5,AK
2004,,40.4,LA
2004,,38.6,AK
2004,,37.3,AK
2004,,36.7,ME
2004,,34.7,VA
2004,,33.4,NJ
2004,,33.2,NJ
2004,,31.4,NC
2004,,31.1,WA
2004,,29.8,OR
2004,,28.2,AK
2004,,26.1,LA
2004,,23.5,WA
2004,,21.8,AK
2004,,19.4,TX
2004,,19.4,CA
2004,,19.1,AL
2004,,18.9,HI
2004,,18.7,TX
2004,,18.1,AK
2004,,17.8,LA
2004,,17.0,CA
2004,,16.3,MS
2004,,16.0,FL
2004,,16.0,TX
2004,,15.0,AK
2004,,14.5,LA
2004,,14.1,ME
2004,,13.8,MA
2004,,13.5,TX
2004,,12.5,LA
2004,,12.3,FL
2004,,12.3,NY
2004,,12.0,LA
2004,,10.4,WA
2004,,10.4,CA
2004,,9.4,FL
2004,,9.0,NC
2004,,8.8,LA
2004,,8.8,MA
2004,,8.6,NJ
2004,,8.6,FL
2004,,8.0,RI
2004,,7.9,CA
2004,,7.7,AK
2004,,7.7,WA
2004,,7.5,FL
2004,,7.2,FL
2004,,7.2,WA
2004,,7.1,WA
2004,,7.0,NC
2004,,6.5,NY
2004,,6.4,CA
2004,,6.2,OR
2004,,6.0,FL
2004,,6.0,AL
2004,,5.4,WA
2004,,5.2,SC
2004,,5.2,NC
2004,,4.8,WA
2004,,4.3,VA
2004,,3.7,OR
2004,,3.7,CA
2004,,3.4,WA
2004,,3.3,GA
2004,,3.2,AK
2004,,3.1,AK
2004,,3.0,OR
2004,,2.3,FL
2004,,2.2,CA
2004,,2.2,WA
2004,,2.1,WA
2004,,2.0,WA
2004,,1.9,WA
2004,,1.8,WA
2004,,1.1,AK
2003,,908.7,AK
2003,,400.0,LA
2003,,375.3,VA
2003,,325.2,LA
2003,,262.9,AK
2003,,259.0,LA
2003,,192.0,MS
2003,,155.5,MA
2003,,114.1,OR
2003,,88.9,AK
2003,,88.8,MA
2003,,88.7,CA
2003,,79.8,AK
2003,,75.7,WA
2003,,74.1,NJ
2003,,71.0,AK
2003,,69.8,OR
2003,,68.5,ME
2003,,44.7,RI
2003,,44.1,CA
2003,,43.6,AK
2003,,43.2,WA
2003,,40.5,CA
2003,,39.4,LA
2003,,38.1,NJ
2003,,37.5,NJ
2003,,34.6,AK
2003,,33.0,NC
2003,,31.7,ME
2003,,30.1,VA
2003,,25.5,AK
2003,,25.5,LA
2003,,24.7,OR
2003,,23.9,WA
2003,,23.2,AK
2003,,21.0,AK
2003,,19.9,ME
2003,,18.6,TX
2003,,18.5,AL
2003,,18.3,LA
2003,,17.9,TX
2003,,17.8,HI
2003,,17.5,TX
2003,,17.4,LA
2003,,17.4,MS
2003,,16.4,CA
2003,,15.8,FL
2003,,15.3,MA
2003,,13.1,WA
2003,,12.8,LA
2003,,12.5,FL
2003,,12.3,CA
2003,,12.1,LA
2003,,11.4,CA
2003,,10.9,NY
2003,,10.7,AK
2003,,10.0,CA
2003,,10.0,NC
2003,,9.7,NJ
2003,,9.1,MD
2003,,9.0,MA
2003,,8.8,CA
2003,,8.8,WA
2003,,8.4,TX
2003,,8.4,AK
2003,,8.3,FL
2003,,8.2,FL
2003,,7.5,LA
2003,,7.1,WA
2003,,7.1,WA
2003,,6.5,CT
2003,,6.5,NY
2003,,6.5,WA
2003,,6.0,SC
2003,,6.0,NC
2003,,6.0,WA
2003,,5.8,ME
2003,,5.8,OR
2003,,5.5,CA
2003,,5.2,LA
2003,,5.2,FL
2003,,5.1,FL
2003,,5.0,NC
2003,,5.0,GA
2003,,4.8,AK
2003,,4.5,OR
2003,,4.5,CT
2003,,4.1,AL
2003,,4.0,FL
2003,,4.0,SC
2003,,4.0,SC
2003,,3.3,CA
2003,,3.2,WA
2003,,3.2,FL
2003,,3.0,NC
2003,,3.0,VA
2003,,2.9,CA
2003,,2.7,NJ
2003,,2.3,CA
2003,,2.2,CA
2003,,1.8,WA
2003,,1.6,WA
2003,,1.3,WA
2003,,1.3,WA
2003,,1.2,OR
2003,,0.9,AK
2003,,0.8,AK
2002,,908.1,AK
2002,,398.9,LA
2002,,367.4,VA
2002,,358.5,LA
2002,,349.9,LA
2002,,250.4,AK
2002,,198.5,MS
2002,,170.1,CA
2002,,108.7,MA
2002,,106.9,OR
2002,,80.9,CA
2002,,78.5,MA
2002,,73.2,AK
2002,,69.6,AK
2002,,64.2,OR
2002,,62.5,WA
2002,,62.0,ME
2002,,60.1,NJ
2002,,59.2,AK
2002,,56.0,CA
2002,,53.7,AK
2002,,42.8,RI
2002,,42.7,LA
2002,,42.2,WA
2002,,41.2,NJ
2002,,38.2,AK
2002,,34.7,NJ
2002,,30.5,AK
2002,,29.9,VA
2002,,28.7,NC
2002,,26.0,LA
2002,,25.8,OR
2002,,25.6,LA
2002,,23.6,WA
2002,,22.0,ME
2002,,19.9,TX
2002,,19.6,AK
2002,,17.7,HI
2002,,17.5,FL
2002,,17.4,TX
2002,,17.1,AL
2002,,16.4,CA
2002,,15.5,LA
2002,,15.4,ME
2002,,15.4,MA
2002,,15.1,TX
2002,,15.1,LA
2002,,14.9,TX
2002,,14.8,CA
2002,,14.8,MS
2002,,14.4,LA
2002,,12.4,FL
2002,,12.1,CA
2002,,12.1,MD
2002,,12.0,AK
2002,,11.3,NY
2002,,11.1,NY
2002,,10.7,NC
2002,,9.8,AK
2002,,9.5,LA
2002,,9.2,FL
2002,,8.8,NJ
2002,,8.5,AK
2002,,8.5,WA
2002,,8.4,CA
2002,,8.1,MA
2002,,7.7,FL
2002,,7.3,ME
2002,,7.1,WA
2002,,7.0,WA
2002,,6.7,WA
2002,,6.4,AK
2002,,6.4,CA
2002,,6.4,NC
2002,,6.3,WA
2002,,6.3,WA
2002,,6.1,CA
2002,,5.9,CT
2002,,5.8,NC
2002,,5.8,SC
2002,,5.6,FL
2002,,5.2,TX
2002,,5.1,CT
2002,,5.0,NJ
2002,,4.9,GA
2002,,4.6,TX
2002,,4.5,FL
2002,,4.4,FL
2002,,4.4,OR
2002,,3.9,OR
2002,,3.8,AL
2002,,3.4,SC
2002,,3.1,WA
2002,,2.9,NC
2002,,2.9,FL
2002,,2.5,CA
2002,,2.3,VA
2002,,2.1,WA
2002,,1.7,AK
2001,,834.5,AK
2001,,488.0,VA
2001,,370.7,LA
2001,,324.1,LA
2001,,303.6,LA
2001,,285.5,AK
2001,,219.1,CA
2001,,196.0,MS
2001,,107.2,MA
2001,,104.8,CA
2001,,102.9,OR
2001,,93.2,OR
2001,,86.6,ME
2001,,78.4,MA
2001,,78.3,AK
2001,,66.4,NJ
2001,,64.4,AK
2001,,56.1,CA
2001,,51.2,AK
2001,,48.5,RI
2001,,46.2,LA
2001,,45.5,NJ
2001,,43.8,AK
2001,,36.1,WA
2001,,33.9,AK
2001,,32.2,NJ
2001,,31.9,NC
2001,,28.0,VA
2001,,27.0,AK
2001,,26.8,OR
2001,,24.7,ME
2001,,24.1,LA
2001,,23.3,LA
2001,,23.0,AK
2001,,22.4,ME
2001,,22.4,TX
2001,,20.1,WA
2001,,20.0,HI
2001,,18.6,TX
2001,,18.0,AL
2001,,17.1,MA
2001,,16.4,FL
2001,,16.1,TX
2001,,14.6,TX
2001,,14.6,MS
2001,,14.5,NY
2001,,14.4,AK
2001,,13.4,LA
2001,,13.2,MD
2001,,12.7,FL
2001,,12.4,LA
2001,,11.3,CA
2001,,10.8,LA
2001,,10.4,NJ
2001,,10.2,NY
2001,,9.9,AK
2001,,9.6,MA
2001,,9.6,WA
2001,,9.5,LA
2001,,9.5,CA
2001,,9.5,NC
2001,,9.0,CA
2001,,8.9,WA
2001,,8.8,CT
2001,,8.7,FL
2001,,8.2,FL
2001,,7.9,AK
2001,,7.8,LA
2001,,7.6,FL
2001,,7.5,CA
2001,,7.0,CA
2001,,6.5,TX
2001,,6.2,SC
2001,,6.2,FL
2001,,6.1,ME
2001,,6.0,AL
2001,,5.8,TX
2001,,5.6,TX
2001,,5.6,AK
2001,,5.3,CA
2001,,4.9,NC
2001,,4.7,CT
2001,,4.2,GA
2001,,4.0,FL
2001,,3.8,NJ
2001,,3.7,FL
2001,,3.7,OR
2001,,3.3,WA
2001,,3.1,SC
2001,,2.8,NC
2001,,2.6,VA
2001,,1.0,NY
2000,,699.8,AK
2000,,414.5,LA
2000,,396.2,LA
2000,,366.8,VA
2000,,321.7,LA
2000,,289.6,AK
2000,,254.7,CA
2000,,199.9,MS
2000,,162.2,CA
2000,,130.1,OR
2000,,102.3,OR
2000,,95.5,AK
2000,,89.9,MA
2000,,63.9,ME
2000,,63.1,AK
2000,,59.3,RI
2000,,58.9,NJ
2000,,57.3,AK
2000,,50.5,CA
2000,,50.4,NJ
2000,,48.2,LA
2000,,43.2,MA
2000,,38.2,NJ
2000,,37.5,WA
2000,,33.3,NC
2000,,32.3,AK
2000,,29.2,TX
2000,,28.6,AK
2000,,28.3,ME
2000,,27.0,HI
2000,,26.9,LA
2000,,23.0,AL
2000,,22.7,VA
2000,,20.2,LA
2000,,19.8,WA
2000,,19.2,OR
2000,,18.2,LA
2000,,18.1,MA
2000,,18.1,AK
2000,,18.0,WA
2000,,17.4,TX
2000,,17.0,TX
2000,,16.9,FL
2000,,15.9,ME
2000,,15.6,CA
2000,,15.5,LA
2000,,14.8,TX
2000,,14.2,MS
2000,,13.7,NY
2000,,13.7,CA
2000,,13.5,AK
2000,,13.3,LA
2000,,12.6,NY
2000,,12.0,NC
2000,,11.7,FL
2000,,11.4,LA
2000,,11.2,CA
2000,,10.9,CA
2000,,10.9,FL
2000,,10.3,FL
2000,,9.9,AK
2000,,9.6,MD
2000,,9.5,CT
2000,,9.1,NJ
2000,,8.6,NC
2000,,8.3,AK
2000,,7.9,FL
2000,,7.5,TX
2000,,7.4,LA
2000,,7.4,CA
2000,,7.3,NC
2000,,7.1,CA
2000,,6.9,SC
2000,,6.8,MA
2000,,6.7,AK
2000,,6.7,WA
2000,,6.7,TX
2000,,5.5,AL
2000,,4.5,FL
2000,,4.3,SC
2000,,4.2,GA
2000,,4.0,CT
2000,,3.9,NJ
2000,,3.8,WA
2000,,3.6,TX
2000,,3.5,FL
2000,,3.2,ME
2000,,3.2,FL
2000,,3.1,NC
2000,,3.0,SC
2000,,2.9,TX
2000,,2.9,NY
2000,,2.9,VA
2000,,2.6,CA
2000,,1.9,GA
2000,,1.5,AK
2000,,1.3,AK
1999,,678.3,AK
1999,,435.0,LA
1999,,406.0,LA
1999,,378.6,VA
1999,,369.0,LA
1999,,331.6,AK
1999,,250.5,MS
1999,,194.7,CA
1999,,159.4,AK
1999,,155.9,CA
1999,,137.0,LA
1999,,118.2,OR
1999,,99.2,AK
1999,,92.4,OR
1999,,86.2,MA
1999,,70.4,RI
1999,,64.0,NJ
1999,,62.3,AK
1999,,62.2,AK
1999,,55.6,ME
1999,,50.1,MA
1999,,42.0,LA
1999,,41.8,AK
1999,,41.2,NJ
1999,,40.7,CA
1999,,36.2,AK
1999,,35.8,ME
1999,,33.6,NC
1999,,33.4,NJ
1999,,30.6,HI
1999,,26.0,OR
1999,,25.6,WA
1999,,23.3,TX
1999,,23.2,AK
1999,,21.9,VA
1999,,21.2,WA
1999,,20.0,MA
1999,,19.8,FL
1999,,19.6,AK
1999,,19.0,LA
1999,,18.0,TX
1999,,17.8,AL
1999,,17.4,AK
1999,,16.0,LA
1999,,15.7,NC
1999,,14.3,CA
1999,,14.0,LA
1999,,13.4,MS
1999,,13.0,LA
1999,,12.9,NY
1999,,12.8,TX
1999,,12.1,CA
1999,,11.7,NY
1999,,11.1,FL
1999,,11.0,NC
1999,,10.9,MD
1999,,10.8,NC
1999,,10.5,WA
1999,,10.0,LA
1999,,9.8,NJ
1999,,9.7,FL
1999,,9.5,CA
1999,,8.9,TX
1999,,8.9,FL
1999,,8.3,FL
1999,,8.3,MA
1999,,8.0,LA
1999,,8.0,LA
1999,,7.9,CA
1999,,7.6,CT
1999,,7.6,AK
1999,,7.2,AK
1999,,7.0,CA
1999,,7.0,AK
1999,,6.8,SC
1999,,6.8,FL
1999,,6.5,WA
1999,,6.4,NJ
1999,,6.4,TX
1999,,6.2,OR
1999,,6.2,SC
1999,,5.9,TX
1999,,5.8,AK
1999,,5.7,CA
1999,,5.7,NY
1999,,5.4,CT
1999,,4.9,GA
1999,,4.9,VA
1999,,4.7,AL
1999,,4.1,FL
1999,,4.0,CA
1999,,3.9,FL
1999,,3.8,TX
1999,,3.5,WA
1999,,3.4,SC
1999,,3.2,ME
1999,,2.7,WA
1999,,2.5,ME
1998,,597.1,AK
1998,,509.0,VA
1998,,357.6,AK
1998,,328.0,LA
1998,,312.8,WA
1998,,257.4,LA
1998,,206.7,LA
1998,,193.2,MS
1998,,158.6,LA
1998,,150.9,CA
1998,,117.6,OR
1998,,107.1,MA
1998,,99.9,AK
1998,,93.9,NJ
1998,,91.9,MA
1998,,87.7,OR
1998,,75.4,RI
1998,,73.0,AK
1998,,46.5,ME
1998,,45.4,AK
1998,,45.0,AK
1998,,39.0,ME
1998,,37.3,NJ
1998,,36.7,NC
1998,,34.5,WA
1998,,34.1,AK
1998,,32.9,NJ
1998,,30.5,LA
1998,,28.3,HI
1998,,27.6,CA
1998,,24.8,VA
1998,,24.7,TX
1998,,24.0,WA
1998,,23.6,AL
1998,,22.9,CA
1998,,19.3,AK
1998,,19.0,AK
1998,,18.9,FL
1998,,18.7,AK
1998,,18.1,WA
1998,,17.9,AK
1998,,17.7,NC
1998,,17.6,LA
1998,,17.2,MA
1998,,16.3,TX
1998,,16.2,CA
1998,,14.7,NY
1998,,14.6,TX
1998,,14.6,TX
1998,,14.6,OR
1998,,14.4,FL
1998,,14.4,LA
1998,,14.1,MS
1998,,14.0,LA
1998,,12.8,CA
1998,,12.7,NY
1998,,12.6,NJ
1998,,12.4,LA
1998,,11.4,MD
1998,,10.9,FL
1998,,10.7,LA
1998,,10.6,NC
1998,,10.2,NC
1998,,9.1,CA
1998,,9.0,MA
1998,,8.9,FL
1998,,8.5,TX
1998,,8.2,CA
1998,,8.0,RI
1998,,8.0,NY
1998,,7.7,NJ
1998,,7.3,FL
1998,,7.3,TX
1998,,7.1,AK
1998,,7.0,MA
1998,,6.9,CA
1998,,6.8,SC
1998,,6.4,SC
1998,,6.4,FL
1998,,6.0,LA
1998,,5.9,LA
1998,,5.8,AK
1998,,5.6,CT
1998,,5.6,GA
1998,,5.6,WA
1998,,5.4,CA
1998,,5.4,LA
1998,,5.4,OR
1998,,5.3,CT
1998,,5.1,CA
1998,,4.9,AL
1998,,4.6,ME
1998,,4.6,CA
1998,,3.7,WA
1998,,3.5,FL
1998,,2.9,SC
1998,,2.8,ME
1998,,2.6,VA
1998,,2.5,GA
1998,,1.3,VA
1997,,587.8,AK
1997,,499.4,VA
1997,,395.9,LA
1997,,379.6,LA
1997,,336.1,WA
1997,,277.5,AK
1997,,270.8,LA
1997,,222.9,LA
1997,,168.2,CA
1997,,164.7,MS
1997,,114.8,OR
1997,,111.9,CA
1997,,107.7,OR
1997,,83.7,MA
1997,,81.5,MA
1997,,74.7,ME
1997,,74.5,RI
1997,,71.0,NJ
1997,,70.1,AK
1997,,68.3,ME
1997,,65.2,AK
1997,,59.4,AK
1997,,44.6,CA
1997,,41.5,AK
1997,,39.0,NJ
1997,,38.1,NC
1997,,36.5,AK
1997,,32.8,AK
1997,,32.7,CA
1997,,32.5,LA
1997,,32.4,NJ
1997,,31.3,WA
1997,,30.7,CA
1997,,29.4,CA
1997,,28.3,HI
1997,,24.8,WA
1997,,24.6,AK
1997,,24.2,VA
1997,,21.5,OR
1997,,21.3,AK
1997,,19.7,CA
1997,,18.8,FL
1997,,16.8,MA
1997,,15.1,LA
1997,,14.7,NC
1997,,13.9,LA
1997,,13.8,CA
1997,,13.8,TX
1997,,13.6,NY
1997,,13.6,NY
1997,,13.4,AK
1997,,13.3,MD
1997,,13.2,NC
1997,,13.1,WA
1997,,12.7,LA
1997,,12.5,TX
1997,,12.4,NC
1997,,12.1,AL
1997,,11.9,LA
1997,,11.5,TX
1997,,10.4,MA
1997,,10.3,FL
1997,,10.2,OR
1997,,9.9,NJ
1997,,9.9,NJ
1997,,9.5,TX
1997,,9.5,MS
1997,,9.4,FL
1997,,9.4,CA
1997,,8.1,RI
1997,,7.8,TX
1997,,7.7,FL
1997,,7.6,AK
1997,,7.1,SC
1997,,6.8,NY
1997,,6.5,WA
1997,,6.1,CA
1997,,6.1,LA
1997,,6.0,CA
1997,,5.8,TX
1997,,5.7,CT
1997,,5.7,GA
1997,,5.6,WA
1997,,5.6,FL
1997,,5.4,CT
1997,,5.4,LA
1997,,5.4,SC
1997,,5.3,ME
1997,,5.3,AK
1997,,5.3,ME
1997,,3.9,FL
1997,,3.9,AL
1997,,3.6,FL
1997,,3.5,CA
1997,,3.4,FL
1997,,3.3,WA
1997,,3.1,GA
1997,,3.1,SC
1997,,2.6,WA
1997,,1.2,VA
1997,,0.7,VA
1996,,584.4,VA
1996,,579.6,AK
1996,,316.5,LA
1996,,315.7,LA
1996,,241.2,WA
1996,,202.7,AK
1996,,199.0,LA
1996,,162.9,LA
1996,,156.9,CA
1996,,148.0,MS
1996,,138.9,CA
1996,,136.8,AK
1996,,115.0,OR
1996,,107.0,OR
1996,,105.0,AK
1996,,91.3,MA
1996,,82.6,NJ
1996,,78.3,ME
1996,,76.9,MA
1996,,63.4,RI
1996,,55.4,AK
1996,,52.7,ME
1996,,45.6,WA
1996,,43.4,NC
1996,,41.6,AK
1996,,40.9,NJ
1996,,38.3,LA
1996,,37.9,AK
1996,,32.0,AK
1996,,29.2,AK
1996,,26.4,CA
1996,,25.3,CA
1996,,25.1,AK
1996,,24.9,CA
1996,,24.0,OR
1996,,23.9,WA
1996,,23.7,FL
1996,,22.9,HI
1996,,22.9,VA
1996,,22.1,NJ
1996,,22.0,TX
1996,,21.8,AK
1996,,21.4,WA
1996,,21.2,FL
1996,,21.0,TX
1996,,20.4,AL
1996,,19.2,CA
1996,,18.0,RI
1996,,18.0,CA
1996,,17.8,MA
1996,,16.3,MD
1996,,15.7,NY
1996,,15.0,NC
1996,,14.2,NC
1996,,14.1,LA
1996,,14.0,NC
1996,,13.9,LA
1996,,13.8,CT
1996,,13.0,OR
1996,,13.0,TX
1996,,12.0,TX
1996,,12.0,WA
1996,,11.9,NJ
1996,,11.8,FL
1996,,11.0,TX
1996,,11.0,FL
1996,,10.9,CA
1996,,10.9,CA
1996,,10.1,LA
1996,,10.1,MA
1996,,9.9,NJ
1996,,9.4,NY
1996,,9.3,LA
1996,,9.2,MS
1996,,8.2,AK
1996,,7.7,NY
1996,,6.9,WA
1996,,6.9,SC
1996,,6.6,AK
1996,,6.5,NC
1996,,6.5,FL
1996,,6.0,LA
1996,,6.0,TX
1996,,5.7,LA
1996,,5.5,GA
1996,,5.4,CA
1996,,5.3,WA
1996,,5.1,WA
1996,,5.1,AL
1996,,4.8,SC
1996,,4.6,LA
1996,,3.5,ME
1996,,3.4,CA
1996,,3.0,GA
1996,,2.0,ME
1996,,1.1,VA
1996,,0.9,VA
1995,,704.5,VA
1995,,684.6,AK
1995,,362.4,AK
1995,,298.1,LA
1995,,280.0,LA
1995,,229.0,WA
1995,,179.2,LA
1995,,168.5,CA
1995,,128.6,MS
1995,,127.4,LA
1995,,123.3,LA
1995,,120.9,AK
1995,,116.8,CA
1995,,116.7,AK
1995,,112.0,OR
1995,,89.0,OR
1995,,83.0,AK
1995,,75.5,RI
1995,,75.2,NJ
1995,,70.8,MA
1995,,66.8,ME
1995,,64.6,MA
1995,,44.6,ME
1995,,42.5,AK
1995,,42.3,NJ
1995,,39.0,NC
1995,,35.0,AK
1995,,31.0,AK
1995,,29.5,AK
1995,,27.0,WA
1995,,24.4,AK
1995,,24.0,WA
1995,,23.9,HI
1995,,23.4,FL
1995,,23.3,AK
1995,,22.7,NJ
1995,,22.1,AL
1995,,21.8,CA
1995,,21.0,OR
1995,,20.3,VA
1995,,18.7,LA
1995,,18.6,CA
1995,,18.5,MA
1995,,18.0,WA
1995,,17.8,NY
1995,,17.2,AK
1995,,17.0,TX
1995,,16.0,TX
1995,,15.7,CA
1995,,15.1,CA
1995,,13.6,NJ
1995,,13.4,CA
1995,,13.2,RI
1995,,12.6,LA
1995,,12.5,MD
1995,,12.0,MS
1995,,12.0,TX
1995,,12.0,WA
1995,,11.8,CA
1995,,11.3,AK
1995,,11.1,NY
1995,,11.0,NC
1995,,11.0,SC
1995,,10.9,FL
1995,,10.1,FL
1995,,10.1,MA
1995,,10.0,NC
1995,,9.3,LA
1995,,9.0,NC
1995,,8.6,LA
1995,,8.5,FL
1995,,7.1,NJ
1995,,7.0,SC
1995,,6.9,CA
1995,,6.5,LA
1995,,6.4,CA
1995,,6.3,NY
1995,,6.2,CA
1995,,6.0,TX
1995,,6.0,TX
1995,,6.0,NC
1995,,6.0,GA
1995,,6.0,OR
1995,,5.5,AL
1995,,5.4,FL
1995,,5.4,LA
1995,,5.2,LA
1995,,5.0,WA
1995,,5.0,WA
1995,,4.7,FL
1995,,4.3,FL
1995,,4.0,GA
1995,,4.0,WA
1995,,4.0,SC
1995,,4.0,TX
1995,,3.7,CA
1995,,2.2,ME
1995,,1.1,VA
1995,,0.8,ME
1995,,0.4,VA
1994,,699.6,AK
1994,,512.3,VA
1994,,431.7,LA
1994,,401.8,LA
1994,,391.8,WA
1994,,307.7,AK
1994,,304.8,LA
1994,,243.6,LA
1994,,217.0,LA
1994,,200.9,MS
1994,,126.3,AK
1994,,122.2,OR
1994,,100.4,AK
1994,,98.2,CA
1994,,93.6,AK
1994,,85.4,NJ
1994,,78.9,OR
1994,,68.7,MA
1994,,68.3,CA
1994,,65.3,ME
1994,,62.3,RI
1994,,60.8,AK
1994,,50.6,MA
1994,,44.3,AK
1994,,42.8,NJ
1994,,39.0,NC
1994,,37.0,NJ
1994,,33.8,ME
1994,,32.4,AK
1994,,30.7,AK
1994,,28.4,CA
1994,,27.6,CA
1994,,27.0,WA
1994,,27.0,WA
1994,,25.3,LA
1994,,24.0,WA
1994,,24.0,OR
1994,,21.5,FL
1994,,21.0,VA
1994,,21.0,TX
1994,,19.5,FL
1994,,19.2,AK
1994,,19.1,HI
1994,,18.8,MA
1994,,18.4,AK
1994,,18.4,CA
1994,,18.3,NJ
1994,,18.3,AL
1994,,17.5,NY
1994,,17.2,LA
1994,,15.1,FL
1994,,14.3,CA
1994,,14.0,NC
1994,,13.0,TX
1994,,12.5,LA
1994,,12.5,MD
1994,,12.4,TX
1994,,12.1,RI
1994,,11.6,NY
1994,,11.3,FL
1994,,11.1,FL
1994,,11.0,NC
1994,,10.9,CA
1994,,10.7,CA
1994,,10.6,OR
1994,,10.2,CA
1994,,10.2,MA
1994,,10.0,NC
1994,,9.9,CA
1994,,9.8,TX
1994,,9.8,LA
1994,,9.6,LA
1994,,9.5,AK
1994,,8.7,TX
1994,,8.4,AK
1994,,8.3,FL
1994,,8.0,SC
1994,,7.6,TX
1994,,7.5,MS
1994,,7.0,NC
1994,,7.0,WA
1994,,6.8,LA
1994,,6.8,FL
1994,,6.5,NY
1994,,6.4,FL
1994,,6.3,CA
1994,,6.0,GA
1994,,5.6,TX
1994,,5.6,CA
1994,,5.1,LA
1994,,5.0,WA
1994,,5.0,AL
1994,,5.0,SC
1994,,4.9,NJ
1994,,4.0,GA
1994,,3.2,OR
1994,,3.0,ME
1994,,3.0,SC
1994,,1.3,VA
1994,,0.5,VA
1993,,793.9,AK
1993,,639.9,VA
1993,,374.2,AK
1993,,335.4,LA
1993,,323.1,LA
1993,,202.7,LA
1993,,169.7,MS
1993,,147.5,LA
1993,,142.4,LA
1993,,110.2,AK
1993,,100.6,AK
1993,,99.8,CA
1993,,95.5,NJ
1993,,89.0,OR
1993,,87.3,ME
1993,,86.4,MA
1993,,78.7,AK
1993,,68.1,MA
1993,,68.0,OR
1993,,61.2,RI
1993,,45.7,WA
1993,,41.6,NJ
1993,,39.9,CA
1993,,38.1,AK
1993,,32.1,NC
1993,,32.0,ME
1993,,29.0,OR
1993,,28.2,WA
1993,,26.6,HI
1993,,26.3,AK
1993,,24.3,CA
1993,,22.1,VA
1993,,21.9,NJ
1993,,21.4,WA
1993,,20.8,LA
1993,,20.6,WA
1993,,20.3,FL
1993,,20.2,MA
1993,,19.9,NJ
1993,,18.9,TX
1993,,18.3,CA
1993,,18.1,AK
1993,,18.0,AK
1993,,18.0,LA
1993,,17.6,AK
1993,,16.4,NY
1993,,16.0,AL
1993,,15.9,NY
1993,,15.6,FL
1993,,15.3,CA
1993,,14.1,MD
1993,,13.8,AK
1993,,13.5,TX
1993,,13.4,FL
1993,,12.9,CA
1993,,12.8,LA
1993,,12.6,FL
1993,,12.5,TX
1993,,12.4,FL
1993,,11.9,RI
1993,,11.6,NC
1993,,11.3,AK
1993,,11.1,TX
1993,,11.1,MA
1993,,10.3,WA
1993,,10.2,AK
1993,,10.0,OR
1993,,9.8,LA
1993,,9.7,TX
1993,,9.6,CA
1993,,9.2,CA
1993,,9.1,TX
1993,,8.8,MS
1993,,8.7,WA
1993,,8.5,LA
1993,,8.4,WA
1993,,8.4,CA
1993,,8.4,AK
1993,,7.6,NC
1993,,7.4,SC
1993,,7.1,CA
1993,,7.0,OR
1993,,6.9,CA
1993,,6.3,SC
1993,,6.1,GA
1993,,5.7,ME
1993,,5.5,LA
1993,,5.4,NC
1993,,5.3,AL
1993,,4.9,NJ
1993,,4.8,FL
1993,,4.3,WA
1993,,4.3,NY
1993,,3.7,SC
1993,,2.7,WA
1993,,2.5,VA
1993,,2.0,AK
1993,,1.3,VA
1992,,740.4,AK
1992,,563.6,VA
1992,,290.6,AK
1992,,276.5,LA
1992,,246.3,LA
1992,,177.0,MS
1992,,175.9,LA
1992,,130.8,LA
1992,,104.8,MA
1992,,102.4,MA
1992,,94.9,CA
1992,,94.5,NJ
1992,,85.2,AK
1992,,71.4,AK
1992,,70.6,AK
1992,,68.1,RI
1992,,67.0,OR
1992,,66.0,LA
1992,,60.0,ME
1992,,43.6,NJ
1992,,42.0,WA
1992,,40.0,ME
1992,,39.2,CA
1992,,38.0,OR
1992,,36.3,AK
1992,,32.0,AK
1992,,30.0,NJ
1992,,29.9,NC
1992,,26.0,WA
1992,,25.9,AK
1992,,25.0,WA
1992,,24.2,AK
1992,,24.0,OR
1992,,22.9,TX
1992,,22.4,HI
1992,,22.0,AK
1992,,21.9,LA
1992,,21.2,CA
1992,,20.8,VA
1992,,19.6,CA
1992,,19.1,AK
1992,,18.7,CA
1992,,18.5,NJ
1992,,18.0,MA
1992,,17.9,MD
1992,,17.6,CA
1992,,17.0,WA
1992,,17.0,TX
1992,,16.2,AL
1992,,14.6,NY
1992,,14.4,MA
1992,,14.2,RI
1992,,14.0,LA
1992,,12.9,LA
1992,,12.7,TX
1992,,12.0,NC
1992,,11.5,NY
1992,,11.4,CA
1992,,11.3,CA
1992,,11.2,CA
1992,,10.8,FL
1992,,10.7,AK
1992,,10.4,CA
1992,,10.3,LA
1992,,9.4,FL
1992,,9.3,TX
1992,,8.9,MS
1992,,8.8,AK
1992,,8.5,TX
1992,,8.3,LA
1992,,8.0,CA
1992,,7.7,SC
1992,,7.4,AK
1992,,7.1,NC
1992,,7.1,LA
1992,,7.0,WA
1992,,7.0,NC
1992,,6.7,SC
1992,,6.4,GA
1992,,6.0,WA
1992,,5.8,ME
1992,,5.7,AL
1992,,4.8,NJ
1992,,4.6,NY
1992,,4.2,GA
1992,,3.7,SC
1992,,3.5,CA
1992,,1.0,VA
1992,,1.0,OR
1992,,0.2,VA
1991,,731.7,AK
1991,,594.5,VA
1991,,309.4,LA
1991,,289.1,LA
1991,,287.3,AK
1991,,227.3,MS
1991,,211.4,LA
1991,,166.8,LA
1991,,141.5,CA
1991,,119.5,LA
1991,,112.9,MA
1991,,107.6,MA
1991,,93.5,NJ
1991,,90.3,AK
1991,,68.5,AK
1991,,65.9,RI
1991,,64.0,ME
1991,,53.0,OR
1991,,52.0,OR
1991,,50.2,CA
1991,,50.1,AK
1991,,50.0,WA
1991,,47.5,AK
1991,,44.8,AK
1991,,44.6,AK
1991,,40.4,AK
1991,,39.2,NJ
1991,,31.9,ME
1991,,30.2,CA
1991,,30.0,OR
1991,,29.6,TX
1991,,28.2,AK
1991,,27.4,AK
1991,,26.8,VA
1991,,26.0,WA
1991,,26.0,CA
1991,,25.4,MD
1991,,24.7,MA
1991,,23.6,LA
1991,,23.0,NC
1991,,21.5,AK
1991,,21.2,TX
1991,,20.8,NJ
1991,,20.0,WA
1991,,20.0,CA
1991,,19.3,CA
1991,,18.0,WA
1991,,16.7,RI
1991,,15.2,MA
1991,,15.0,NC
1991,,14.9,CA
1991,,14.9,AL
1991,,14.3,NY
1991,,14.1,FL
1991,,13.6,CA
1991,,12.9,CA
1991,,12.6,AK
1991,,12.0,WA
1991,,11.9,AK
1991,,11.8,TX
1991,,11.7,LA
1991,,11.0,NY
1991,,11.0,LA
1991,,10.6,LA
1991,,10.2,TX
1991,,10.0,NC
1991,,9.9,FL
1991,,9.7,FL
1991,,9.0,WA
1991,,8.8,MS
1991,,8.4,AK
1991,,8.2,CA
1991,,7.8,FL
1991,,7.8,NJ
1991,,7.0,LA
1991,,7.0,OR
1991,,6.6,CA
1991,,6.0,WA
1991,,6.0,WA
1991,,6.0,OR
1991,,6.0,TX
1991,,5.8,FL
1991,,5.7,AL
1991,,5.0,GA
1991,,4.9,NJ
1991,,4.0,WA
1991,,4.0,CA
1991,,4.0,WA
1991,,2.6,VA
1991,,1.3,NY
1991,,0.1,VA
1990,,692.4,VA
1990,,509.9,AK
1990,,303.9,MS
1990,,272.5,AK
1990,,244.2,LA
1990,,232.6,LA
1990,,173.0,LA
1990,,164.4,LA
1990,,158.5,CA
1990,,146.5,LA
1990,,125.6,MA
1990,,117.8,MA
1990,,90.4,AK
1990,,70.8,AK
1990,,69.4,NJ
1990,,67.5,AK
1990,,58.7,RI
1990,,52.6,AK
1990,,52.3,AK
1990,,51.2,AK
1990,,49.5,ME
1990,,46.1,AK
1990,,41.9,AK
1990,,41.2,OR
1990,,39.4,CA
1990,,39.3,WA
1990,,39.2,NJ
1990,,36.2,ME
1990,,34.0,OR
1990,,32.4,MA
1990,,31.8,OR
1990,,31.1,CA
1990,,26.8,CA
1990,,26.2,WA
1990,,25.2,TX
1990,,24.7,AK
1990,,24.4,AK
1990,,24.4,CA
1990,,24.3,VA
1990,,23.0,NC
1990,,22.8,CA
1990,,21.1,MD
1990,,20.9,LA
1990,,19.7,MA
1990,,18.4,NJ
1990,,18.0,TX
1990,,17.5,CA
1990,,16.5,WA
1990,,15.6,AK
1990,,15.5,WA
1990,,15.0,RI
1990,,14.6,MS
1990,,14.3,NY
1990,,14.2,LA
1990,,13.7,AL
1990,,13.2,FL
1990,,13.2,WA
1990,,12.7,AK
1990,,12.6,CA
1990,,11.6,CA
1990,,11.4,FL
1990,,10.9,TX
1990,,10.3,CA
1990,,10.2,LA
1990,,10.0,NC
1990,,10.0,OR
1990,,9.7,CA
1990,,9.4,AK
1990,,9.0,AK
1990,,9.0,AK
1990,,8.8,FL
1990,,8.7,FL
1990,,8.3,LA
1990,,8.2,NJ
1990,,8.0,LA
1990,,8.0,TX
1990,,7.9,AK
1990,,7.2,VA
1990,,6.4,OR
1990,,6.3,AK
1990,,6.2,TX
1990,,6.1,NY
1990,,6.1,OR
1990,,6.0,GA
1990,,5.7,AL
1990,,5.0,FL
1990,,4.8,WA
1990,,3.9,NJ
1990,,3.5,WA
1990,,3.5,CA
1990,,3.4,WA
1990,,2.6,WA
1990,,1.5,NY
1990,,1.1,VA
1989,,594.8,VA
1989,,504.3,AK
1989,,352.7,LA
1989,,282.1,MS
1989,,272.7,LA
1989,,217.2,CA
1989,,213.2,AK
1989,,210.9,LA
1989,,207.2,LA
1989,,113.5,AK
1989,,98.8,MA
1989,,91.6,AK
1989,,90.9,MA
1989,,68.1,LA
1989,,65.3,CA
1989,,55.3,AK
1989,,54.1,NJ
1989,,51.0,OR
1989,,49.0,ME
1989,,48.4,RI
1989,,44.4,OR
1989,,40.6,WA
1989,,39.4,CA
1989,,35.0,AK
1989,,34.9,OR
1989,,34.2,AK
1989,,33.9,NJ
1989,,33.0,CA
1989,,30.3,AK
1989,,30.2,WA
1989,,25.7,CA
1989,,25.0,NC
1989,,24.8,ME
1989,,24.6,MD
1989,,24.5,VA
1989,,24.5,LA
1989,,23.7,MA
1989,,23.3,WA
1989,,22.7,TX
1989,,21.2,CA
1989,,20.4,WA
1989,,20.3,AK
1989,,19.2,NJ
1989,,17.3,CA
1989,,17.3,MA
1989,,15.8,WA
1989,,15.6,WA
1989,,15.0,TX
1989,,14.9,AL
1989,,12.6,MS
1989,,12.3,OR
1989,,11.9,AK
1989,,11.5,TX
1989,,11.3,LA
1989,,11.2,CA
1989,,10.9,FL
1989,,10.8,LA
1989,,10.5,FL
1989,,10.2,CA
1989,,9.9,CA
1989,,9.6,NY
1989,,9.6,FL
1989,,9.5,LA
1989,,9.3,AK
1989,,8.7,TX
1989,,8.5,VA
1989,,8.3,NY
1989,,7.8,CA
1989,,7.6,LA
1989,,7.6,OR
1989,,7.5,OR
1989,,7.5,FL
1989,,7.3,NJ
1989,,7.2,WA
1989,,6.2,VA
1989,,6.1,TX
1989,,6.0,GA
1989,,6.0,AL
1989,,5.9,WA
1989,,5.8,FL
1989,,5.4,WA
1989,,5.0,WA
1989,,4.3,WA
1989,,4.2,CA
1989,,3.6,NJ
1989,,3.0,WA
1989,,1.6,NY
1988,,545.3,VA
1988,,438.9,LA
1988,,377.3,AK
1988,,304.6,AK
1988,,297.2,LA
1988,,292.0,MS
1988,,244.1,LA
1988,,232.0,CA
1988,,209.7,LA
1988,,107.5,MA
1988,,90.3,MA
1988,,55.0,CA
1988,,50.4,AK
1988,,49.6,RI
1988,,48.0,NJ
1988,,47.4,AK
1988,,44.2,OR
1988,,44.0,ME
1988,,43.3,LA
1988,,42.5,AK
1988,,42.3,MS
1988,,40.6,ME
1988,,38.5,OR
1988,,36.0,CA
1988,,35.3,WA
1988,,34.8,WA
1988,,33.0,OR
1988,,32.1,AK
1988,,31.0,NC
1988,,31.0,CA
1988,,30.1,LA
1988,,28.3,AK
1988,,27.7,AK
1988,,27.7,NJ
1988,,27.0,CA
1988,,25.6,VA
1988,,25.2,MA
1988,,25.0,CA
1988,,23.2,WA
1988,,23.0,AK
1988,,21.1,MD
1988,,21.0,MA
1988,,17.5,WA
1988,,17.3,NJ
1988,,16.4,FL
1988,,15.6,TX
1988,,14.6,AK
1988,,14.5,WA
1988,,14.0,NC
1988,,14.0,CA
1988,,14.0,CA
1988,,13.8,TX
1988,,13.6,WA
1988,,13.2,NY
1988,,12.4,AL
1988,,11.9,LA
1988,,11.1,LA
1988,,10.8,LA
1988,,10.8,LA
1988,,10.7,VA
1988,,10.2,FL
1988,,10.0,CA
1988,,10.0,NY
1988,,9.4,WA
1988,,9.2,FL
1988,,8.9,AK
1988,,8.1,FL
1988,,8.0,CA
1988,,7.9,TX
1988,,7.8,OR
1988,,7.7,TX
1988,,7.0,CA
1988,,7.0,CA
1988,,6.4,VA
1988,,6.2,TX
1988,,6.1,AL
1988,,6.0,WA
1988,,6.0,GA
1988,,5.6,NJ
1988,,5.4,FL
1988,,4.9,AK
1988,,4.1,NJ
1988,,3.5,AK
1988,,3.4,AK
1988,,3.3,AK
1988,,2.5,NY
1987,,672.4,LA
1987,,609.6,VA
1987,,391.6,MS
1987,,357.4,LA
1987,,331.7,LA
1987,,314.3,LA
1987,,204.1,AK
1987,,203.1,CA
1987,,128.2,AK
1987,,93.1,MA
1987,,78.7,MA
1987,,69.6,AK
1987,,56.8,NJ
1987,,47.5,WA
1987,,46.6,RI
1987,,46.6,OR
1987,,44.2,ME
1987,,42.4,AK
1987,,42.3,CA
1987,,39.5,ME
1987,,38.2,MS
1987,,35.9,OR
1987,,29.6,OR
1987,,28.5,CA
1987,,28.3,NC
1987,,27.6,AK
1987,,27.4,LA
1987,,27.1,AK
1987,,27.0,CA
1987,,27.0,LA
1987,,26.2,WA
1987,,25.9,CA
1987,,25.8,MA
1987,,25.1,VA
1987,,25.0,NJ
1987,,23.5,WA
1987,,23.1,CA
1987,,23.0,MA
1987,,22.5,MD
1987,,22.2,WA
1987,,18.8,WA
1987,,16.1,CA
1987,,15.2,NJ
1987,,15.1,AL
1987,,14.7,NY
1987,,14.6,FL
1987,,13.9,LA
1987,,13.4,TX
1987,,12.9,CA
1987,,12.7,LA
1987,,12.5,LA
1987,,12.3,FL
1987,,12.3,LA
1987,,11.9,CA
1987,,11.5,RI
1987,,11.5,VA
1987,,11.3,CA
1987,,11.1,NY
1987,,10.9,NC
1987,,10.9,WA
1987,,10.5,FL
1987,,10.2,TX
1987,,9.9,CA
1987,,8.3,FL
1987,,8.2,FL
1987,,7.8,VA
1987,,7.3,CA
1987,,6.7,TX
1987,,6.3,NJ
1987,,6.2,OR
1987,,6.2,TX
1987,,6.0,OR
1987,,5.9,WA
1987,,5.0,GA
1987,,4.8,AL
1987,,4.4,TX
1987,,2.3,NY
1986,,616.8,LA
1986,,443.4,VA
1986,,365.5,MS
1986,,317.6,LA
1986,,298.9,LA
1986,,294.6,LA
1986,,187.4,CA
1986,,141.2,AK
1986,,111.6,MA
1986,,88.3,AK
1986,,85.2,AK
1986,,68.7,MA
1986,,56.7,NJ
1986,,53.2,RI
1986,,46.7,MS
1986,,45.9,WA
1986,,43.4,ME
1986,,42.2,AK
1986,,38.2,WA
1986,,36.8,OR
1986,,35.6,ME
1986,,31.4,MA
1986,,31.0,CA
1986,,29.1,MD
1986,,27.2,NC
1986,,27.1,MA
1986,,27.1,TX
1986,,26.7,OR
1986,,25.9,CA
1986,,25.6,AL
1986,,25.5,TX
1986,,25.2,AK
1986,,25.1,LA
1986,,24.3,OR
1986,,23.1,VA
1986,,22.9,WA
1986,,22.0,NJ
1986,,20.9,CA
1986,,19.4,CA
1986,,18.7,LA
1986,,18.3,WA
1986,,17.8,CA
1986,,17.4,LA
1986,,16.8,LA
1986,,16.4,CA
1986,,16.3,LA
1986,,15.4,FL
1986,,15.1,NJ
1986,,14.0,LA
1986,,13.7,CA
1986,,13.6,TX
1986,,12.8,WA
1986,,12.5,TX
1986,,12.5,VA
1986,,12.1,CA
1986,,11.6,RI
1986,,11.4,TX
1986,,11.0,FL
1986,,11.0,NY
1986,,10.7,NC
1986,,10.4,FL
1986,,9.0,FL
1986,,9.0,WA
1986,,8.5,NY
1986,,8.5,CA
1986,,8.1,CA
1986,,8.1,FL
1986,,6.7,OR
1986,,6.6,OR
1986,,6.4,VA
1986,,6.3,AL
1986,,5.8,NJ
1986,,5.4,CA
1986,,5.1,WA
1986,,5.0,GA
1986,,4.5,NY
1985,,673.6,LA
1985,,626.1,VA
1985,,423.2,MS
1985,,398.6,LA
1985,,224.5,LA
1985,,150.3,CA
1985,,118.3,MA
1985,,106.3,AK
1985,,96.1,AK
1985,,92.1,MA
1985,,59.0,ME
1985,,58.1,RI
1985,,48.8,NJ
1985,,42.2,WA
1985,,41.1,MS
1985,,38.8,WA
1985,,37.0,ME
1985,,32.3,AK
1985,,31.0,CA
1985,,30.2,MA
1985,,29.4,OR
1985,,28.5,CA
1985,,25.6,OR
1985,,25.5,OR
1985,,24.5,MD
1985,,24.2,TX
1985,,22.9,TX
1985,,22.7,NC
1985,,22.7,NJ
1985,,22.3,VA
1985,,21.0,AL
1985,,20.6,LA
1985,,20.3,FL
1985,,19.9,CA
1985,,19.8,CA
1985,,19.8,MA
1985,,19.5,AK
1985,,18.4,NJ
1985,,18.2,CA
1985,,18.2,LA
1985,,16.8,RI
1985,,16.0,CA
1985,,15.3,NC
1985,,15.3,FL
1985,,14.2,WA
1985,,12.8,WA
1985,,12.8,TX
1985,,12.5,WA
1985,,12.1,CA
1985,,11.6,TX
1985,,11.1,LA
1985,,11.0,LA
1985,,10.9,FL
1985,,10.9,VA
1985,,10.7,CA
1985,,10.0,FL
1985,,9.6,CA
1985,,9.1,NY
1985,,8.8,TX
1985,,8.7,FL
1985,,8.4,NY
1985,,7.7,LA
1985,,7.7,LA
1985,,7.0,WA
1985,,6.9,CA
1985,,6.7,VA
1985,,6.4,GA
1985,,6.3,WA
1985,,6.2,OR
1985,,6.1,CA
1985,,5.8,OR
1985,,5.8,AL
1985,,5.6,OR
1984,,679.2,LA
1984,,474.7,VA
1984,,425.3,MS
1984,,383.5,LA
1984,,327.2,LA
1984,,237.0,CA
1984,,180.5,MA
1984,,113.6,AK
1984,,100.3,MA
1984,,71.0,RI
1984,,60.3,WA
1984,,54.1,AK
1984,,52.9,NJ
1984,,50.8,MS
1984,,46.9,AK
1984,,45.1,FL
1984,,43.6,CA
1984,,43.2,ME
1984,,39.8,AK
1984,,37.8,ME
1984,,34.0,WA
1984,,33.4,VA
1984,,30.3,CA
1984,,28.8,NJ
1984,,28.1,NC
1984,,27.7,MA
1984,,25.7,OR
1984,,25.2,TX
1984,,24.4,MD
1984,,23.1,OR
1984,,23.0,TX
1984,,22.5,CA
1984,,22.4,CA
1984,,20.3,MA
1984,,20.1,OR
1984,,18.3,AK
1984,,18.2,AL
1984,,17.7,FL
1984,,17.2,NC
1984,,16.2,LA
1984,,15.9,CA
1984,,15.0,WA
1984,,13.3,NJ
1984,,12.7,CA
1984,,12.5,LA
1984,,11.9,TX
1984,,10.9,NY
1984,,10.8,LA
1984,,10.8,FL
1984,,10.6,WA
1984,,10.1,CA
1984,,9.4,CA
1984,,9.4,AK
1984,,9.2,LA
1984,,9.0,TX
1984,,8.6,LA
1984,,8.2,NY
1984,,8.2,FL
1984,,8.2,VA
1984,,6.6,WA
1984,,6.5,GA
1984,,6.4,AK
1984,,6.4,WA
1984,,5.9,AL
1984,,5.1,OR
1984,,4.9,NY
1984,,4.5,VA
1983,,743.9,LA
1983,,631.4,VA
1983,,380.2,MS
1983,,281.9,LA
1983,,269.2,LA
1983,,262.3,CA
1983,,152.1,MA
1983,,112.3,MA
1983,,89.0,AK
1983,,84.6,CA
1983,,62.8,RI
1983,,57.6,MS
1983,,55.1,ME
1983,,54.8,ME
1983,,50.3,AK
1983,,48.9,AK
1983,,43.1,NJ
1983,,42.2,WA
1983,,42.0,CA
1983,,33.7,AK
1983,,31.0,VA
1983,,28.8,OR
1983,,28.5,OR
1983,,27.0,NC
1983,,26.7,MA
1983,,26.2,OR
1983,,24.2,MA
1983,,23.9,WA
1983,,22.7,CA
1983,,21.9,CA
1983,,21.0,TX
1983,,21.0,TX
1983,,20.6,MD
1983,,18.5,WA
1983,,18.1,NJ
1983,,17.6,CA
1983,,15.4,FL
1983,,14.5,CA
1983,,14.4,CA
1983,,14.0,NC
1983,,13.6,AL
1983,,12.0,TX
1983,,11.7,FL
1983,,11.5,NJ
1983,,11.3,VA
1983,,10.8,WA
1983,,10.8,FL
1983,,9.4,LA
1983,,9.3,CA
1983,,9.3,LA
1983,,9.2,WA
1983,,8.4,NY
1983,,7.3,FL
1983,,7.0,WA
1983,,6.9,GA
1983,,6.6,LA
1983,,6.4,LA
1983,,6.0,TX
1983,,6.0,TX
1983,,6.0,TX
1983,,6.0,TX
1983,,5.7,VA
1983,,5.6,OR
1983,,5.6,LA
1983,,5.0,AL
1983,,4.7,OR
1983,,2.7,WA
1982,,714.7,LA
1982,,576.7,VA
1982,,334.8,CA
1982,,331.6,MS
1982,,267.3,LA
1982,,265.6,LA
1982,,148.2,MA
1982,,106.8,CA
1982,,105.3,AK
1982,,95.7,MA
1982,,68.1,ME
1982,,65.1,RI
1982,,50.6,ME
1982,,47.0,AK
1982,,46.7,OR
1982,,45.2,NJ
1982,,45.0,OR
1982,,44.5,CA
1982,,44.4,WA
1982,,43.5,CA
1982,,38.8,AK
1982,,37.0,OR
1982,,36.4,CA
1982,,36.0,CA
1982,,33.4,AK
1982,,32.5,NC
1982,,30.4,VA
1982,,30.3,MA
1982,,27.7,MA
1982,,26.6,WA
1982,,23.4,MD
1982,,21.1,WA
1982,,19.1,NJ
1982,,19.0,TX
1982,,18.0,TX
1982,,17.8,AL
1982,,17.7,CA
1982,,16.8,CA
1982,,16.5,FL
1982,,14.2,LA
1982,,14.0,NC
1982,,12.5,FL
1982,,11.9,LA
1982,,11.9,WA
1982,,11.0,CA
1982,,10.6,LA
1982,,10.5,NJ
1982,,10.4,LA
1982,,10.0,FL
1982,,9.9,WA
1982,,9.5,WA
1982,,9.2,FL
1982,,9.0,TX
1982,,9.0,FL
1982,,7.7,OR
1982,,7.1,GA
1982,,7.0,TX
1982,,6.6,VA
1982,,6.0,TX
1982,,5.9,AL
1982,,5.6,LA
1982,,5.0,TX
1982,,5.0,TX
1982,,4.7,VA
1982,,4.2,CA
1981,,447.0,LA
1981,,373.0,CA
1981,,221.0,LA
1981,,220.0,MS
1981,,203.0,LA
1981,,193.0,AK
1981,,166.0,MA
1981,,149.0,CA
1981,,76.0,MA
1981,,73.0,AK
1981,,52.0,AK
1981,,49.0,CA
1981,,48.0,CA
1981,,46.0,OR
1981,,44.0,ME
1981,,44.0,OR
1981,,42.0,NJ
1981,,41.0,RI
1981,,40.0,AK
1981,,39.0,NC
1981,,39.0,ME
1981,,39.0,AK
1981,,36.0,OR
1981,,35.0,CA
1981,,35.0,CA
1981,,29.0,VA
1981,,28.0,TX
1981,,28.0,MA
1981,,27.0,WA
1981,,25.0,WA
1981,,25.0,AL
1981,,24.0,WA
1981,,24.0,TX
1981,,23.0,MD
1981,,19.0,MA
1981,,18.0,FL
1981,,18.0,NJ
1981,,17.0,NC
1981,,17.0,FL
1981,,16.0,WA
1981,,16.0,LA
1981,,15.0,FL
1981,,15.0,CA
1981,,15.0,CA
1981,,14.0,CA
1981,,14.0,LA
1981,,14.0,TX
1981,,12.0,FL
1981,,11.0,LA
1981,,10.0,NJ
1981,,9.0,VA
1981,,9.0,WA
1981,,8.0,TX
1981,,7.0,LA
1981,,7.0,VA
1981,,7.0,OR
1981,,7.0,AL
1981,,6.0,GA
1981,,5.0,GA
1981,,5.0,TX
1981,,5.0,CA
